[
  {
    "country_code":"AFG",
    "iso":"AF",
    "name":"Afghanistan",
    "has_maps":"0",
    "lat":33,
    "lng":65
  },
  {
    "country_code":"ALB",
    "iso":"AL",
    "name":"Albania",
    "has_maps":"0",
    "lat":41,
    "lng":20
  },
  {
    "country_code":"DZA",
    "iso":"DZ",
    "name":"Algeria",
    "has_maps":"0",
    "lat":28,
    "lng":3
  },
  {
    "country_code":"ASM",
    "iso":"AS",
    "name":"American Samoa",
    "has_maps":"0",
    "lat":-14.3333,
    "lng":-170
  },
  {
    "country_code":"AND",
    "iso":"AD",
    "name":"Andorra",
    "has_maps":"0",
    "lat":41,
    "lng":20
  },
  {
    "country_code":"AGO",
    "iso":"AO",
    "name":"Angola",
    "has_maps":"0",
    "lat":33,
    "lng":65
  },
  {
    "country_code":"AIA",
    "iso":"AI",
    "name":"Anguilla",
    "has_maps":"0",
    "lat":18.25,
    "lng":-63.1667
  },
  {
    "country_code":"ATA",
    "iso":"AQ",
    "name":"Antarctica",
    "has_maps":"0",
    "lat":-14.3333,
    "lng":-170
  },
  {
    "country_code":"ATG",
    "iso":"AG",
    "name":"Antigua and Barbuda",
    "has_maps":"0",
    "lat":-14.3333,
    "lng":-170
  },
  {
    "country_code":"ARG",
    "iso":"AR",
    "name":"Argentina",
    "has_maps":"0",
    "lat":41,
    "lng":20
  },
  {
    "country_code":"ARM",
    "iso":"AM",
    "name":"Armenia",
    "has_maps":"0",
    "lat":40,
    "lng":45
  },
  {
    "country_code":"ABW",
    "iso":"AW",
    "name":"Aruba",
    "has_maps":"0",
    "lat":0,
    "lng":0
  },
  {
    "country_code":"AUS",
    "iso":"AU",
    "name":"Australia",
    "has_maps":"1",
    "lat":-27,
    "lng":133
  },
  {
    "country_code":"AUT",
    "iso":"AT",
    "name":"Austria",
    "has_maps":"1",
    "lat":12.5,
    "lng":-69.9667
  },
  {
    "country_code":"AZE",
    "iso":"AZ",
    "name":"Azerbaijan",
    "has_maps":"0",
    "lat":40.5,
    "lng":47.5
  },
  {
    "country_code":"BHS",
    "iso":"BS",
    "name":"Bahamas",
    "has_maps":"0",
    "lat":9.5,
    "lng":2.25
  },
  {
    "country_code":"BHR",
    "iso":"BH",
    "name":"Bahrain",
    "has_maps":"0",
    "lat":9.5,
    "lng":2.25
  },
  {
    "country_code":"BGD",
    "iso":"BD",
    "name":"Bangladesh",
    "has_maps":"0",
    "lat":9.5,
    "lng":2.25
  },
  {
    "country_code":"BRB",
    "iso":"BB",
    "name":"Barbados",
    "has_maps":"0",
    "lat":24.25,
    "lng":-76
  },
  {
    "country_code":"BLR",
    "iso":"BY",
    "name":"Belarus",
    "has_maps":"0",
    "lat":9.5,
    "lng":2.25
  },
  {
    "country_code":"BEL",
    "iso":"BE",
    "name":"Belgium",
    "has_maps":"1",
    "lat":-3.5,
    "lng":30
  },
  {
    "country_code":"BLZ",
    "iso":"BZ",
    "name":"Belize",
    "has_maps":"0",
    "lat":9.5,
    "lng":2.25
  },
  {
    "country_code":"BEN",
    "iso":"BJ",
    "name":"Benin",
    "has_maps":"0",
    "lat":9.5,
    "lng":2.25
  },
  {
    "country_code":"BMU",
    "iso":"BM",
    "name":"Bermuda",
    "has_maps":"0",
    "lat":32.3333,
    "lng":-64.75
  },
  {
    "country_code":"BTN",
    "iso":"BT",
    "name":"Bhutan",
    "has_maps":"0",
    "lat":27.5,
    "lng":90.5
  },
  {
    "country_code":"BOL",
    "iso":"BO",
    "name":"Bolivia",
    "has_maps":"0",
    "lat":-17,
    "lng":-65
  },
  {
    "country_code":"BIH",
    "iso":"BA",
    "name":"Bosnia and Herzegovina",
    "has_maps":"0",
    "lat":9.5,
    "lng":2.25
  },
  {
    "country_code":"BWA",
    "iso":"BW",
    "name":"Botswana",
    "has_maps":"0",
    "lat":17.25,
    "lng":-88.75
  },
  {
    "country_code":"BVT",
    "iso":"BV",
    "name":"Bouvet Island",
    "has_maps":"0",
    "lat":-54.4333,
    "lng":3.4
  },
  {
    "country_code":"IOT",
    "iso":"IO",
    "name":"British Indian Ocean Territory",
    "has_maps":"0",
    "lat":-6,
    "lng":71.5
  },
  {
    "country_code":"BRN",
    "iso":"BN",
    "name":"Brunei",
    "has_maps":"0",
    "lat":24.25,
    "lng":-76
  },
  {
    "country_code":"BGR",
    "iso":"BG",
    "name":"Bulgaria",
    "has_maps":"0",
    "lat":9.5,
    "lng":2.25
  },
  {
    "country_code":"BFA",
    "iso":"BF",
    "name":"Burkina Faso",
    "has_maps":"0",
    "lat":9.5,
    "lng":2.25
  },
  {
    "country_code":"BDI",
    "iso":"BI",
    "name":"Burundi",
    "has_maps":"0",
    "lat":-3.5,
    "lng":30
  },
  {
    "country_code":"KHM",
    "iso":"KH",
    "name":"Cambodia",
    "has_maps":"0",
    "lat":13,
    "lng":105
  },
  {
    "country_code":"CMR",
    "iso":"CM",
    "name":"Cameroon",
    "has_maps":"0",
    "lat":-12.5,
    "lng":96.8333
  },
  {
    "country_code":"CAN",
    "iso":"CA",
    "name":"Canada",
    "has_maps":"1",
    "lat":60,
    "lng":-95
  },
  {
    "country_code":"CPV",
    "iso":"CV",
    "name":"Cape Verde",
    "has_maps":"0",
    "lat":4,
    "lng":-72
  },
  {
    "country_code":"CYM",
    "iso":"KY",
    "name":"Cayman Islands",
    "has_maps":"0",
    "lat":-10.5,
    "lng":105.6667
  },
  {
    "country_code":"CAF",
    "iso":"CF",
    "name":"Central African Republic",
    "has_maps":"0",
    "lat":17.25,
    "lng":-88.75
  },
  {
    "country_code":"TCD",
    "iso":"TD",
    "name":"Chad",
    "has_maps":"0",
    "lat":-43,
    "lng":67
  },
  {
    "country_code":"CHL",
    "iso":"CL",
    "name":"Chile",
    "has_maps":"0",
    "lat":-12.5,
    "lng":96.8333
  },
  {
    "country_code":"CHN",
    "iso":"CN",
    "name":"China",
    "has_maps":"0",
    "lat":-12.5,
    "lng":96.8333
  },
  {
    "country_code":"CXR",
    "iso":"CX",
    "name":"Christmas Island",
    "has_maps":"0",
    "lat":-10.5,
    "lng":105.6667
  },
  {
    "country_code":"CCK",
    "iso":"CC",
    "name":"Cocos [Keeling] Islands",
    "has_maps":"0",
    "lat":-12.5,
    "lng":96.8333
  },
  {
    "country_code":"COL",
    "iso":"CO",
    "name":"Colombia",
    "has_maps":"0",
    "lat":4,
    "lng":-72
  },
  {
    "country_code":"COM",
    "iso":"KM",
    "name":"Comoros",
    "has_maps":"0",
    "lat":4,
    "lng":-72
  },
  {
    "country_code":"COG",
    "iso":"CG",
    "name":"Congo - Brazzaville",
    "has_maps":"0",
    "lat":-1,
    "lng":15
  },
  {
    "country_code":"COD",
    "iso":"CD",
    "name":"Congo - Kinshasa",
    "has_maps":"0",
    "lat":0,
    "lng":25
  },
  {
    "country_code":"COK",
    "iso":"CK",
    "name":"Cook Islands",
    "has_maps":"0",
    "lat":35,
    "lng":105
  },
  {
    "country_code":"CRI",
    "iso":"CR",
    "name":"Costa Rica",
    "has_maps":"0",
    "lat":10,
    "lng":-84
  },
  {
    "country_code":"HRV",
    "iso":"HR",
    "name":"Croatia",
    "has_maps":"0",
    "lat":45.1667,
    "lng":15.5
  },
  {
    "country_code":"CUB",
    "iso":"CU",
    "name":"Cuba",
    "has_maps":"0",
    "lat":16,
    "lng":-24
  },
  {
    "country_code":"CYP",
    "iso":"CY",
    "name":"Cyprus",
    "has_maps":"1",
    "lat":35,
    "lng":33
  },
  {
    "country_code":"CZE",
    "iso":"CZ",
    "name":"Czech Republic",
    "has_maps":"0",
    "lat":49.75,
    "lng":15.5
  },
  {
    "country_code":"CIV",
    "iso":"CI",
    "name":"Cote D'ivoire",
    "has_maps":"0",
    "lat":-12.5,
    "lng":96.8333
  },
  {
    "country_code":"DNK",
    "iso":"DK",
    "name":"Denmark",
    "has_maps":"0",
    "lat":56,
    "lng":10
  },
  {
    "country_code":"DJI",
    "iso":"DJ",
    "name":"Djibouti",
    "has_maps":"0",
    "lat":11.5,
    "lng":43
  },
  {
    "country_code":"DMA",
    "iso":"DM",
    "name":"Dominica",
    "has_maps":"0",
    "lat":11.5,
    "lng":43
  },
  {
    "country_code":"DOM",
    "iso":"DO",
    "name":"Dominican Republic",
    "has_maps":"0",
    "lat":19,
    "lng":-70.6667
  },
  {
    "country_code":"ECU",
    "iso":"EC",
    "name":"Ecuador",
    "has_maps":"0",
    "lat":-2,
    "lng":-77.5
  },
  {
    "country_code":"EGY",
    "iso":"EG",
    "name":"Egypt",
    "has_maps":"0",
    "lat":27,
    "lng":30
  },
  {
    "country_code":"SLV",
    "iso":"SV",
    "name":"El Salvador",
    "has_maps":"0",
    "lat":-15.9333,
    "lng":-5.7
  },
  {
    "country_code":"GNQ",
    "iso":"GQ",
    "name":"Equatorial Guinea",
    "has_maps":"0",
    "lat":36.1833,
    "lng":-5.3667
  },
  {
    "country_code":"ERI",
    "iso":"ER",
    "name":"Eritrea",
    "has_maps":"0",
    "lat":15,
    "lng":39
  },
  {
    "country_code":"EST",
    "iso":"EE",
    "name":"Estonia",
    "has_maps":"0",
    "lat":40,
    "lng":-4
  },
  {
    "country_code":"ETH�",
    "iso":"ET",
    "name":"Ethiopia",
    "has_maps":"0",
    "lat":8,
    "lng":38
  },
  {
    "country_code":"FLK",
    "iso":"FK",
    "name":"Falkland Islands",
    "has_maps":"0",
    "lat":-51.75,
    "lng":-59
  },
  {
    "country_code":"FRO",
    "iso":"FO",
    "name":"Faroe Islands",
    "has_maps":"0",
    "lat":46,
    "lng":2
  },
  {
    "country_code":"FJI",
    "iso":"FJ",
    "name":"Fiji",
    "has_maps":"0",
    "lat":-18,
    "lng":175
  },
  {
    "country_code":"FIN",
    "iso":"FI",
    "name":"Finland",
    "has_maps":"1",
    "lat":64,
    "lng":26
  },
  {
    "country_code":"FRA",
    "iso":"FR",
    "name":"France",
    "has_maps":"1",
    "lat":46,
    "lng":2
  },
  {
    "country_code":"FXX",
    "iso":"GF",
    "name":"French Guiana",
    "has_maps":"0",
    "lat":46,
    "lng":2
  },
  {
    "country_code":"GUF",
    "iso":"PF",
    "name":"French Polynesia",
    "has_maps":"0",
    "lat":39,
    "lng":22
  },
  {
    "country_code":"PYF",
    "iso":"TF",
    "name":"French Southern Territories",
    "has_maps":"0",
    "lat":-23,
    "lng":-58
  },
  {
    "country_code":"ATF",
    "iso":"FQ",
    "name":"French Southern and Antarctic Territories",
    "has_maps":"0",
    "lat":-14.3333,
    "lng":-170
  },
  {
    "country_code":"GAB",
    "iso":"GA",
    "name":"Gabon",
    "has_maps":"0",
    "lat":-1,
    "lng":11.75
  },
  {
    "country_code":"GMB",
    "iso":"GM",
    "name":"Gambia",
    "has_maps":"0",
    "lat":36.1833,
    "lng":-5.3667
  },
  {
    "country_code":"GEO",
    "iso":"GE",
    "name":"Georgia",
    "has_maps":"0",
    "lat":42,
    "lng":43.5
  },
  {
    "country_code":"DEU",
    "iso":"DE",
    "name":"Germany",
    "has_maps":"1",
    "lat":51,
    "lng":9
  },
  {
    "country_code":"GHA",
    "iso":"GH",
    "name":"Ghana",
    "has_maps":"0",
    "lat":8,
    "lng":-2
  },
  {
    "country_code":"GIB",
    "iso":"GI",
    "name":"Gibraltar",
    "has_maps":"0",
    "lat":36.1833,
    "lng":-5.3667
  },
  {
    "country_code":"GRC",
    "iso":"GR",
    "name":"Greece",
    "has_maps":"0",
    "lat":36.1833,
    "lng":-5.3667
  },
  {
    "country_code":"GRL",
    "iso":"GL",
    "name":"Greenland",
    "has_maps":"0",
    "lat":72,
    "lng":-40
  },
  {
    "country_code":"GRD",
    "iso":"GD",
    "name":"Grenada",
    "has_maps":"0",
    "lat":36.1833,
    "lng":-5.3667
  },
  {
    "country_code":"GLP",
    "iso":"GP",
    "name":"Guadeloupe",
    "has_maps":"0",
    "lat":36.1833,
    "lng":-5.3667
  },
  {
    "country_code":"GUM",
    "iso":"GU",
    "name":"Guam",
    "has_maps":"0",
    "lat":13.4667,
    "lng":144.7833
  },
  {
    "country_code":"GTM",
    "iso":"GT",
    "name":"Guatemala",
    "has_maps":"0",
    "lat":39,
    "lng":22
  },
  {
    "country_code":"GIN",
    "iso":"GN",
    "name":"Guinea",
    "has_maps":"0",
    "lat":36.1833,
    "lng":-5.3667
  },
  {
    "country_code":"GNB",
    "iso":"GW",
    "name":"Guinea-Bissau",
    "has_maps":"0",
    "lat":36.1833,
    "lng":-5.3667
  },
  {
    "country_code":"GUY",
    "iso":"GY",
    "name":"Guyana",
    "has_maps":"0",
    "lat":5,
    "lng":-59
  },
  {
    "country_code":"HTI",
    "iso":"HT",
    "name":"Haiti",
    "has_maps":"0",
    "lat":19,
    "lng":-72.4167
  },
  {
    "country_code":"HMD",
    "iso":"HM",
    "name":"Heard Island and McDonald Islands",
    "has_maps":"0",
    "lat":-53.1,
    "lng":72.5167
  },
  {
    "country_code":"HND",
    "iso":"HN",
    "name":"Honduras",
    "has_maps":"0",
    "lat":15,
    "lng":-86.5
  },
  {
    "country_code":"HKG",
    "iso":"HK",
    "name":"Hong Kong",
    "has_maps":"1",
    "lat":22.25,
    "lng":114.1667
  },
  {
    "country_code":"HUN",
    "iso":"HU",
    "name":"Hungary",
    "has_maps":"0",
    "lat":47,
    "lng":20
  },
  {
    "country_code":"ISL",
    "iso":"IS",
    "name":"Iceland",
    "has_maps":"0",
    "lat":65,
    "lng":-18
  },
  {
    "country_code":"IND",
    "iso":"IN",
    "name":"India",
    "has_maps":"0",
    "lat":20,
    "lng":77
  },
  {
    "country_code":"IDN",
    "iso":"ID",
    "name":"Indonesia",
    "has_maps":"0",
    "lat":-5,
    "lng":120
  },
  {
    "country_code":"IRN",
    "iso":"IR",
    "name":"Iran",
    "has_maps":"0",
    "lat":-6,
    "lng":71.5
  },
  {
    "country_code":"IRQ",
    "iso":"IQ",
    "name":"Iraq",
    "has_maps":"0",
    "lat":33,
    "lng":44
  },
  {
    "country_code":"IRL",
    "iso":"IE",
    "name":"Ireland",
    "has_maps":"1",
    "lat":-6,
    "lng":71.5
  },
  {
    "country_code":"IOM",
    "iso":"IM",
    "name":"Isle of Man",
    "has_maps":"1",
    "lat":20,
    "lng":77
  },
  {
    "country_code":"ISR",
    "iso":"IL",
    "name":"Israel",
    "has_maps":"0",
    "lat":65,
    "lng":-18
  },
  {
    "country_code":"ITA",
    "iso":"IT",
    "name":"Italy",
    "has_maps":"1",
    "lat":42.8333,
    "lng":12.8333
  },
  {
    "country_code":"JAM",
    "iso":"JM",
    "name":"Jamaica",
    "has_maps":"0",
    "lat":18.25,
    "lng":-77.5
  },
  {
    "country_code":"JPN",
    "iso":"JP",
    "name":"Japan",
    "has_maps":"0",
    "lat":36,
    "lng":138
  },
  {
    "country_code":"JOR",
    "iso":"JO",
    "name":"Jordan",
    "has_maps":"0",
    "lat":31,
    "lng":36
  },
  {
    "country_code":"KAZ",
    "iso":"KZ",
    "name":"Kazakhstan",
    "has_maps":"0",
    "lat":36,
    "lng":138
  },
  {
    "country_code":"KEN",
    "iso":"KE",
    "name":"Kenya",
    "has_maps":"0",
    "lat":1,
    "lng":38
  },
  {
    "country_code":"KIR",
    "iso":"KI",
    "name":"Kiribati",
    "has_maps":"0",
    "lat":1.4167,
    "lng":173
  },
  {
    "country_code":"PRK",
    "iso":"KP",
    "name":"North Korea",
    "has_maps":"0",
    "lat":-10,
    "lng":-76
  },
  {
    "country_code":"KWT",
    "iso":"KW",
    "name":"Kuwait",
    "has_maps":"0",
    "lat":48,
    "lng":68
  },
  {
    "country_code":"KGZ",
    "iso":"KG",
    "name":"Kyrgyzstan",
    "has_maps":"0",
    "lat":41,
    "lng":75
  },
  {
    "country_code":"LAO",
    "iso":"LA",
    "name":"Laos",
    "has_maps":"0",
    "lat":18,
    "lng":105
  },
  {
    "country_code":"LVA",
    "iso":"LV",
    "name":"Latvia",
    "has_maps":"0",
    "lat":25,
    "lng":17
  },
  {
    "country_code":"LBN",
    "iso":"LB",
    "name":"Lebanon",
    "has_maps":"0",
    "lat":33.8333,
    "lng":35.8333
  },
  {
    "country_code":"LSO",
    "iso":"LS",
    "name":"Lesotho",
    "has_maps":"0",
    "lat":-29.5,
    "lng":28.5
  },
  {
    "country_code":"LBR",
    "iso":"LR",
    "name":"Liberia",
    "has_maps":"0",
    "lat":33.8333,
    "lng":35.8333
  },
  {
    "country_code":"LBY",
    "iso":"LY",
    "name":"Libya",
    "has_maps":"0",
    "lat":33.8333,
    "lng":35.8333
  },
  {
    "country_code":"LIE",
    "iso":"LI",
    "name":"Liechtenstein",
    "has_maps":"0",
    "lat":47.1667,
    "lng":9.5333
  },
  {
    "country_code":"LTU",
    "iso":"LT",
    "name":"Lithuania",
    "has_maps":"0",
    "lat":56,
    "lng":24
  },
  {
    "country_code":"LUX",
    "iso":"LU",
    "name":"Luxembourg",
    "has_maps":"1",
    "lat":49.75,
    "lng":6.1667
  },
  {
    "country_code":"MAC",
    "iso":"MO",
    "name":"Macau SAR China",
    "has_maps":"0",
    "lat":25,
    "lng":17
  },
  {
    "country_code":"MKD",
    "iso":"MK",
    "name":"Macedonia",
    "has_maps":"0",
    "lat":41.8333,
    "lng":22
  },
  {
    "country_code":"MDG",
    "iso":"MG",
    "name":"Madagascar",
    "has_maps":"0",
    "lat":47,
    "lng":29
  },
  {
    "country_code":"MWI",
    "iso":"MW",
    "name":"Malawi",
    "has_maps":"0",
    "lat":-18.25,
    "lng":35
  },
  {
    "country_code":"MYS",
    "iso":"MY",
    "name":"Malaysia",
    "has_maps":"0",
    "lat":-18.25,
    "lng":35
  },
  {
    "country_code":"MDV",
    "iso":"MV",
    "name":"Maldives",
    "has_maps":"0",
    "lat":47,
    "lng":29
  },
  {
    "country_code":"MLI",
    "iso":"ML",
    "name":"Mali",
    "has_maps":"0",
    "lat":17,
    "lng":-4
  },
  {
    "country_code":"MLT",
    "iso":"MT",
    "name":"Malta",
    "has_maps":"1",
    "lat":17,
    "lng":-4
  },
  {
    "country_code":"MHL",
    "iso":"MH",
    "name":"Marshall Islands",
    "has_maps":"0",
    "lat":9,
    "lng":168
  },
  {
    "country_code":"MTQ",
    "iso":"MQ",
    "name":"Martinique",
    "has_maps":"0",
    "lat":-18.25,
    "lng":35
  },
  {
    "country_code":"MRT",
    "iso":"MR",
    "name":"Mauritania",
    "has_maps":"0",
    "lat":20,
    "lng":-12
  },
  {
    "country_code":"MUS",
    "iso":"MU",
    "name":"Mauritius",
    "has_maps":"0",
    "lat":-18.25,
    "lng":35
  },
  {
    "country_code":"MYT",
    "iso":"YT",
    "name":"Mayotte",
    "has_maps":"0",
    "lat":-18.25,
    "lng":35
  },
  {
    "country_code":"MEX",
    "iso":"MX",
    "name":"Mexico",
    "has_maps":"0",
    "lat":47,
    "lng":29
  },
  {
    "country_code":"FSM",
    "iso":"FM",
    "name":"Micronesia",
    "has_maps":"0",
    "lat":46,
    "lng":2
  },
  {
    "country_code":"MDA",
    "iso":"MD",
    "name":"Moldova",
    "has_maps":"0",
    "lat":47,
    "lng":29
  },
  {
    "country_code":"MCO",
    "iso":"MC",
    "name":"Monaco",
    "has_maps":"0",
    "lat":43.7333,
    "lng":7.4
  },
  {
    "country_code":"MNG",
    "iso":"MN",
    "name":"Mongolia",
    "has_maps":"0",
    "lat":46,
    "lng":105
  },
  {
    "country_code":"MNE",
    "iso":"ME",
    "name":"Montenegro",
    "has_maps":"0",
    "lat":22,
    "lng":98
  },
  {
    "country_code":"MSR",
    "iso":"MS",
    "name":"Montserrat",
    "has_maps":"0",
    "lat":-18.25,
    "lng":35
  },
  {
    "country_code":"MAR",
    "iso":"MA",
    "name":"Morocco",
    "has_maps":"1",
    "lat":32,
    "lng":-5
  },
  {
    "country_code":"MOZ",
    "iso":"MZ",
    "name":"Mozambique",
    "has_maps":"0",
    "lat":15.2,
    "lng":145.75
  },
  {
    "country_code":"MMR",
    "iso":"MM",
    "name":"Burma",
    "has_maps":"0",
    "lat":22,
    "lng":98
  },
  {
    "country_code":"NAM",
    "iso":"NA",
    "name":"Namibia",
    "has_maps":"0",
    "lat":-22,
    "lng":17
  },
  {
    "country_code":"NRU",
    "iso":"NR",
    "name":"Nauru",
    "has_maps":"0",
    "lat":-0.5333,
    "lng":166.9167
  },
  {
    "country_code":"NPL",
    "iso":"NP",
    "name":"Nepal",
    "has_maps":"0",
    "lat":28,
    "lng":84
  },
  {
    "country_code":"NLD",
    "iso":"NL",
    "name":"Netherlands",
    "has_maps":"1",
    "lat":52.5,
    "lng":5.75
  },
  {
    "country_code":"ANT",
    "iso":"NT",
    "name":"Neutral Zone",
    "has_maps":"0",
    "lat":41,
    "lng":20
  },
  {
    "country_code":"NCL",
    "iso":"NC",
    "name":"New Caledonia",
    "has_maps":"0",
    "lat":-21.5,
    "lng":165.5
  },
  {
    "country_code":"NZL",
    "iso":"NZ",
    "name":"New Zealand",
    "has_maps":"1",
    "lat":-41,
    "lng":174
  },
  {
    "country_code":"NIC",
    "iso":"NI",
    "name":"Nicaragua",
    "has_maps":"0",
    "lat":13,
    "lng":-85
  },
  {
    "country_code":"NER",
    "iso":"NE",
    "name":"Niger",
    "has_maps":"0",
    "lat":16,
    "lng":8
  },
  {
    "country_code":"NGA",
    "iso":"NG",
    "name":"Nigeria",
    "has_maps":"0",
    "lat":10,
    "lng":8
  },
  {
    "country_code":"NIU",
    "iso":"NU",
    "name":"Niue",
    "has_maps":"0",
    "lat":13,
    "lng":-85
  },
  {
    "country_code":"NFK",
    "iso":"NF",
    "name":"Norfolk Island",
    "has_maps":"0",
    "lat":-29.0333,
    "lng":167.95
  },
  {
    "country_code":"MNP",
    "iso":"MP",
    "name":"Northern Mariana Islands",
    "has_maps":"0",
    "lat":15.2,
    "lng":145.75
  },
  {
    "country_code":"NOR",
    "iso":"NO",
    "name":"Norway",
    "has_maps":"1",
    "lat":62,
    "lng":10
  },
  {
    "country_code":"OMN",
    "iso":"OM",
    "name":"Oman",
    "has_maps":"0",
    "lat":21,
    "lng":57
  },
  {
    "country_code":"PAK",
    "iso":"PK",
    "name":"Pakistan",
    "has_maps":"0",
    "lat":21,
    "lng":57
  },
  {
    "country_code":"PLW",
    "iso":"PW",
    "name":"Palau",
    "has_maps":"0",
    "lat":-10,
    "lng":-76
  },
  {
    "country_code":"PAN",
    "iso":"PA",
    "name":"Panama",
    "has_maps":"0",
    "lat":9,
    "lng":-80
  },
  {
    "country_code":"PNG",
    "iso":"PG",
    "name":"Papua New Guinea",
    "has_maps":"0",
    "lat":-10,
    "lng":-76
  },
  {
    "country_code":"PRY",
    "iso":"PY",
    "name":"Paraguay",
    "has_maps":"0",
    "lat":-23,
    "lng":-58
  },
  {
    "country_code":"PER",
    "iso":"PE",
    "name":"Peru",
    "has_maps":"0",
    "lat":-10,
    "lng":-76
  },
  {
    "country_code":"PHL",
    "iso":"PH",
    "name":"Philippines",
    "has_maps":"0",
    "lat":-10,
    "lng":-76
  },
  {
    "country_code":"PCN",
    "iso":"PN",
    "name":"Pitcairn Islands",
    "has_maps":"0",
    "lat":9,
    "lng":-80
  },
  {
    "country_code":"POL",
    "iso":"PL",
    "name":"Poland",
    "has_maps":"0",
    "lat":-10,
    "lng":-76
  },
  {
    "country_code":"PRT",
    "iso":"PT",
    "name":"Portugal",
    "has_maps":"1",
    "lat":39.5,
    "lng":-8
  },
  {
    "country_code":"PRI",
    "iso":"PR",
    "name":"Puerto Rico",
    "has_maps":"0",
    "lat":-10,
    "lng":-76
  },
  {
    "country_code":"QAT",
    "iso":"QA",
    "name":"Qatar",
    "has_maps":"0",
    "lat":25.5,
    "lng":51.25
  },
  {
    "country_code":"ROM",
    "iso":"RO",
    "name":"Romania",
    "has_maps":"0",
    "lat":-21.1,
    "lng":55.6
  },
  {
    "country_code":"RUS",
    "iso":"RU",
    "name":"Russia",
    "has_maps":"0",
    "lat":46,
    "lng":25
  },
  {
    "country_code":"RWA",
    "iso":"RW",
    "name":"Rwanda",
    "has_maps":"0",
    "lat":-2,
    "lng":30
  },
  {
    "country_code":"REU",
    "iso":"RE",
    "name":"Reunion",
    "has_maps":"0",
    "lat":-21.1,
    "lng":55.6
  },
  {
    "country_code":"KNA",
    "iso":"KN",
    "name":"Saint Kitts and Nevis",
    "has_maps":"0",
    "lat":17.3333,
    "lng":-62.75
  },
  {
    "country_code":"LCA",
    "iso":"LC",
    "name":"Saint Lucia",
    "has_maps":"0",
    "lat":13.8833,
    "lng":-61.1333
  },
  {
    "country_code":"WSM",
    "iso":"WS",
    "name":"Samoa",
    "has_maps":"0",
    "lat":-13.5833,
    "lng":-172.3333
  },
  {
    "country_code":"SMR",
    "iso":"SM",
    "name":"San Marino",
    "has_maps":"0",
    "lat":-15.9333,
    "lng":-5.7
  },
  {
    "country_code":"SAU",
    "iso":"SA",
    "name":"Saudi Arabia",
    "has_maps":"0",
    "lat":25,
    "lng":45
  },
  {
    "country_code":"SEN",
    "iso":"SN",
    "name":"Senegal",
    "has_maps":"0",
    "lat":15,
    "lng":30
  },
  {
    "country_code":"SRB",
    "iso":"RS",
    "name":"Serbia",
    "has_maps":"0",
    "lat":-15.9333,
    "lng":-5.7
  },
  {
    "country_code":"SRB",
    "iso":"CS",
    "name":"Serbia and Montenegro",
    "has_maps":"0",
    "lat":-15.9333,
    "lng":-5.7
  },
  {
    "country_code":"SYC",
    "iso":"SC",
    "name":"Seychelles",
    "has_maps":"0",
    "lat":13.8333,
    "lng":-88.9167
  },
  {
    "country_code":"SLE",
    "iso":"SL",
    "name":"Sierra Leone",
    "has_maps":"0",
    "lat":-15.9333,
    "lng":-5.7
  },
  {
    "country_code":"SGP",
    "iso":"SG",
    "name":"Singapore",
    "has_maps":"0",
    "lat":1.3667,
    "lng":103.8
  },
  {
    "country_code":"SVK",
    "iso":"SK",
    "name":"Slovakia",
    "has_maps":"0",
    "lat":-15.9333,
    "lng":-5.7
  },
  {
    "country_code":"SVN",
    "iso":"SI",
    "name":"Slovenia",
    "has_maps":"1",
    "lat":46,
    "lng":15
  },
  {
    "country_code":"SLB",
    "iso":"SB",
    "name":"Solomon Islands",
    "has_maps":"0",
    "lat":-15.9333,
    "lng":-5.7
  },
  {
    "country_code":"SOM",
    "iso":"SO",
    "name":"Somalia",
    "has_maps":"0",
    "lat":-15.9333,
    "lng":-5.7
  },
  {
    "country_code":"ZAF",
    "iso":"ZA",
    "name":"South Africa",
    "has_maps":"1",
    "lat":-29,
    "lng":24
  },
  {
    "country_code":"SHN",
    "iso":"GS",
    "name":"South Georgia and the South Sandwich Islands",
    "has_maps":"0",
    "lat":-15.9333,
    "lng":-5.7
  },
  {
    "country_code":"SPM",
    "iso":"KR",
    "name":"South Korea",
    "has_maps":"0",
    "lat":-15.9333,
    "lng":-5.7
  },
  {
    "country_code":"ESP",
    "iso":"ES",
    "name":"Spain",
    "has_maps":"1",
    "lat":40,
    "lng":-4
  },
  {
    "country_code":"LKA",
    "iso":"LK",
    "name":"Sri Lanka",
    "has_maps":"0",
    "lat":7,
    "lng":81
  },
  {
    "country_code":"SDN",
    "iso":"SD",
    "name":"Sudan",
    "has_maps":"0",
    "lat":15,
    "lng":30
  },
  {
    "country_code":"SUR",
    "iso":"SR",
    "name":"Suriname",
    "has_maps":"0",
    "lat":-15.9333,
    "lng":-5.7
  },
  {
    "country_code":"SJM",
    "iso":"SJ",
    "name":"Svalbard and Jan Mayen",
    "has_maps":"0",
    "lat":-15.9333,
    "lng":-5.7
  },
  {
    "country_code":"SWZ",
    "iso":"SZ",
    "name":"Swaziland",
    "has_maps":"0",
    "lat":13.8333,
    "lng":-88.9167
  },
  {
    "country_code":"SWE",
    "iso":"SE",
    "name":"Sweden",
    "has_maps":"1",
    "lat":13.8333,
    "lng":-88.9167
  },
  {
    "country_code":"CHE",
    "iso":"CH",
    "name":"Switzerland",
    "has_maps":"1",
    "lat":-12.5,
    "lng":96.8333
  },
  {
    "country_code":"SYR",
    "iso":"SY",
    "name":"Syria",
    "has_maps":"0",
    "lat":35,
    "lng":38
  },
  {
    "country_code":"TWN",
    "iso":"TW",
    "name":"Taiwan",
    "has_maps":"0",
    "lat":23.5,
    "lng":121
  },
  {
    "country_code":"TJK",
    "iso":"TJ",
    "name":"Tajikistan",
    "has_maps":"0",
    "lat":39,
    "lng":71
  },
  {
    "country_code":"TZA",
    "iso":"TZ",
    "name":"Tanzania",
    "has_maps":"0",
    "lat":-6,
    "lng":35
  },
  {
    "country_code":"THA",
    "iso":"TH",
    "name":"Thailand",
    "has_maps":"0",
    "lat":15,
    "lng":100
  },
  {
    "country_code":"TGO",
    "iso":"TG",
    "name":"Togo",
    "has_maps":"0",
    "lat":8,
    "lng":1.1667
  },
  {
    "country_code":"TKL",
    "iso":"TK",
    "name":"Tokelau",
    "has_maps":"0",
    "lat":-9,
    "lng":-172
  },
  {
    "country_code":"TON",
    "iso":"TO",
    "name":"Tonga",
    "has_maps":"0",
    "lat":40,
    "lng":60
  },
  {
    "country_code":"TTO",
    "iso":"TT",
    "name":"Trinidad and Tobago",
    "has_maps":"0",
    "lat":40,
    "lng":60
  },
  {
    "country_code":"TUN",
    "iso":"TN",
    "name":"Tunisia",
    "has_maps":"0",
    "lat":34,
    "lng":9
  },
  {
    "country_code":"TUR",
    "iso":"TR",
    "name":"Turkey",
    "has_maps":"0",
    "lat":39,
    "lng":35
  },
  {
    "country_code":"TKM",
    "iso":"TM",
    "name":"Turkmenistan",
    "has_maps":"0",
    "lat":40,
    "lng":60
  },
  {
    "country_code":"TCA",
    "iso":"TC",
    "name":"Turks and Caicos Islands",
    "has_maps":"0",
    "lat":21.75,
    "lng":-71.5833
  },
  {
    "country_code":"TUV",
    "iso":"TV",
    "name":"Tuvalu",
    "has_maps":"0",
    "lat":-8,
    "lng":178
  },
  {
    "country_code":"UGA",
    "iso":"UG",
    "name":"Uganda",
    "has_maps":"0",
    "lat":1,
    "lng":32
  },
  {
    "country_code":"UKR",
    "iso":"UA",
    "name":"Ukraine",
    "has_maps":"0",
    "lat":1,
    "lng":32
  },
  {
    "country_code":"ARE",
    "iso":"AE",
    "name":"United Arab Emirates",
    "has_maps":"0",
    "lat":41,
    "lng":20
  },
  {
    "country_code":"GBR",
    "iso":"GB",
    "name":"United Kingdom",
    "has_maps":"1",
    "lat":54,
    "lng":-2
  },
  {
    "country_code":"USA",
    "iso":"US",
    "name":"United States",
    "has_maps":"0",
    "lat":38,
    "lng":-97
  },
  {
    "country_code":"UMI",
    "iso":"ZZ",
    "name":"Unknown or Invalid Region",
    "has_maps":"0",
    "lat":19.2833,
    "lng":166.6
  },
  {
    "country_code":"URY",
    "iso":"UY",
    "name":"Uruguay",
    "has_maps":"0",
    "lat":19.2833,
    "lng":166.6
  },
  {
    "country_code":"UZB",
    "iso":"UZ",
    "name":"Uzbekistan",
    "has_maps":"0",
    "lat":41,
    "lng":64
  },
  {
    "country_code":"VUT",
    "iso":"VU",
    "name":"Vanuatu",
    "has_maps":"0",
    "lat":-16,
    "lng":167
  },
  {
    "country_code":"VAT",
    "iso":"VA",
    "name":"Vatican City",
    "has_maps":"0",
    "lat":41.9,
    "lng":12.45
  },
  {
    "country_code":"VEN",
    "iso":"VE",
    "name":"Venezuela",
    "has_maps":"0",
    "lat":8,
    "lng":-66
  },
  {
    "country_code":"VNM",
    "iso":"VN",
    "name":"Vietnam",
    "has_maps":"0",
    "lat":16,
    "lng":106
  },
  {
    "country_code":"VIR",
    "iso":"WK",
    "name":"Wake Island",
    "has_maps":"0",
    "lat":18.3333,
    "lng":-64.8333
  },
  {
    "country_code":"WLF",
    "iso":"WF",
    "name":"Wallis and Futuna",
    "has_maps":"0",
    "lat":-13.3,
    "lng":-176.2
  },
  {
    "country_code":"ESH",
    "iso":"EH",
    "name":"Western Sahara",
    "has_maps":"0",
    "lat":15,
    "lng":39
  },
  {
    "country_code":"YEM",
    "iso":"YE",
    "name":"Yemen",
    "has_maps":"0",
    "lat":15,
    "lng":48
  },
  {
    "country_code":"ZMB",
    "iso":"ZM",
    "name":"Zambia",
    "has_maps":"0",
    "lat":-15,
    "lng":30
  },
  {
    "country_code":"ZWE�",
    "iso":"ZW",
    "name":"Zimbabwe",
    "has_maps":"0",
    "lat":-20,
    "lng":30
  }
]